treatment_var,max,min
temperature,30.798649681939,8.73657409350077
salinity,33.5,29
oxygen,6.731162869637099,0.002699926061652346
CO2,3089.91083717093,298.027374647556
pH,9,7
