treatment_var,max,min
temperature,30.76565334532,8.73657409350077
salinity,33.5,29
oxygen,6.731162869637099,0.002651905735767656
CO2,3164.6961107168,298.027374647556
pH,9,7
