English_Name,order
blue & black rockfish,5.676912907045811
copper & quillback rockfish,-5.723811326263255
Dungeness crab,1.4355608049336708
Ochre star,6.749455014333162
Pink Salmon,1.1172548443025814
Razor Clam,-6.634812849658592
Red urchin,-7.744039654377284
sablefish,-1.6088512989358394
seagrass,4.052182245343814
