common_name,order
blue & black rockfish,5.778017043122378
canopy-forming kelp,-3.0188278642166324
copper & quillback rockfish,-5.4666653210949345
Dungeness crab,3.0820729751832032
ochre star,4.736628173891731
pink salmon,-0.9673158643798606
razor clam,-6.634812849658592
red urchin,-8.895714513918135
sablefish,-1.2193193374366522
seagrass,3.9217483228184653
