common_name,order
blue & black rockfish,0.6510824702592818
canopy-forming kelp,-0.024942355556622286
copper & quillback rockfish,-0.5116548114223315
Dungeness crab,0.3071746818819897
ochre star,0.16815712765782864
pink salmon,-0.7443926509638602
razor clam,-0.133150385276496
red urchin,-0.3979990249907592
sablefish,-1.12912783830253
seagrass,0.042992128773441454
