English_Name,order
blue & black rockfish,1.3273414444432516
Canopy-forming Kelp,30.220627248772793
copper & quillback rockfish,-5.794707398484827
Dungeness crab,1.502894161349778
Ochre star,6.732363447527539
Pink Salmon,1.0780749160582541
Razor Clam,-6.634812849658592
Red urchin,-7.692670824166717
sablefish,-1.582460397579815
seagrass,4.119614966799866
