common_name,order
blue & black rockfish,5.564171123520879
canopy-forming kelp,-3.0058221284616917
copper & quillback rockfish,-5.6774877394090515
Dungeness crab,2.2240014573854525
ochre star,6.771192925285252
pink salmon,1.344066154068645
razor clam,-6.634812849658592
red urchin,-5.8355961256109765
sablefish,-1.2634153027666755
seagrass,4.236548071031457
