English_Name,order
blue & black rockfish,0.015110000617733746
Canopy-forming Kelp,0.9259756831218834
copper & quillback rockfish,-0.2593845650022556
Dungeness crab,2.133153811911569
Ochre star,0.14320514543497884
Pink Salmon,0.9686991874070681
Razor Clam,-0.14103582108564425
Red urchin,-0.18424596903418194
sablefish,-1.795306874987878
seagrass,0.07972421124841769
