common_name,order
blue & black rockfish,1.2401397464517399
canopy-forming kelp,-3.215240128620675
copper & quillback rockfish,3.088331756699498
Dungeness crab,3.2364442311902764
ochre star,-6.66491606334247
pink salmon,-4.229244076705346
razor clam,-6.634812849658592
red urchin,0.6927089415257063
sablefish,0.16169151035898113
seagrass,3.720185964752688
